timestamp,status
timestamp,status
timestamp,status
timestamp,status
timestamp,status
timestamp,status
timestamp,status
timestamp,status
timestamp,status
timestamp,status
timestamp,status
timestamp,status
timestamp,status
timestamp,status
timestamp,status
timestamp,status
timestamp,status
timestamp,status
timestamp,status
timestamp,status
timestamp,status
timestamp,status
timestamp,status
timestamp,status
timestamp,status
timestamp,status
timestamp,status
timestamp,status
timestamp,status
timestamp,status
timestamp,status
timestamp,status
timestamp,status
timestamp,status
timestamp,status
timestamp,status
timestamp,status
timestamp,status
timestamp,status
timestamp,status
timestamp,status
timestamp,status
timestamp,status
timestamp,status
timestamp,status
timestamp,status
timestamp,status
timestamp,status
timestamp,status
timestamp,status
timestamp,status
timestamp,status
timestamp,status
timestamp,status
timestamp,status
timestamp,status
timestamp,status
timestamp,status
timestamp,status
timestamp,status
timestamp,status
timestamp,status
timestamp,status
timestamp,status
timestamp,status
timestamp,status
timestamp,status
timestamp,status
timestamp,status
timestamp,status
timestamp,status
timestamp,status
timestamp,status
timestamp,status
timestamp,status
timestamp,status
timestamp,status
timestamp,status
timestamp,status
timestamp,status
timestamp,status
timestamp,status
timestamp,status
timestamp,status
timestamp,status
timestamp,status
timestamp,status
timestamp,status
timestamp,status
timestamp,status
timestamp,status
timestamp,status
timestamp,status
timestamp,status
timestamp,status
timestamp,status
timestamp,status
timestamp,status
timestamp,status
timestamp,status
timestamp,status
timestamp,status
timestamp,status
timestamp,status
timestamp,status
timestamp,status
timestamp,status
timestamp,status
timestamp,status
timestamp,status
timestamp,status
timestamp,status
timestamp,status
timestamp,status
timestamp,status
timestamp,status
timestamp,status
timestamp,status
timestamp,status
timestamp,status
timestamp,status
timestamp,status
timestamp,status
timestamp,status
timestamp,status
timestamp,status
timestamp,status
timestamp,status
timestamp,status
timestamp,status
timestamp,status
timestamp,status
timestamp,status
timestamp,status
timestamp,status
timestamp,status
timestamp,status
timestamp,status
timestamp,status
timestamp,status
timestamp,status
timestamp,status
timestamp,status
timestamp,status
timestamp,status
timestamp,status
timestamp,status
timestamp,status
timestamp,status
timestamp,status
timestamp,status
timestamp,status
timestamp,status
timestamp,status
timestamp,status
timestamp,status
timestamp,status
timestamp,status
timestamp,status
timestamp,status
timestamp,status
timestamp,status
timestamp,status
timestamp,status
timestamp,status
timestamp,status
timestamp,status
timestamp,status
timestamp,status
timestamp,status
timestamp,status
timestamp,status
timestamp,status
timestamp,status
timestamp,status
timestamp,status
timestamp,status
timestamp,status
timestamp,status
timestamp,status
timestamp,status
timestamp,status
timestamp,status
timestamp,status
timestamp,status
timestamp,status
timestamp,status
timestamp,status
timestamp,status
timestamp,status
timestamp,status
timestamp,status
timestamp,status
timestamp,status
timestamp,status
timestamp,status
timestamp,status
timestamp,status
timestamp,status
timestamp,status
timestamp,status
timestamp,status
timestamp,status
timestamp,status
timestamp,status
timestamp,status
timestamp,status
timestamp,status
timestamp,status
timestamp,status
timestamp,status
timestamp,status
timestamp,status
timestamp,status
timestamp,status
timestamp,status
timestamp,status
timestamp,status
timestamp,status
timestamp,status
timestamp,status
timestamp,status
timestamp,status
timestamp,status
timestamp,status
timestamp,status
timestamp,status
timestamp,status
timestamp,status
timestamp,status
timestamp,status
timestamp,status
timestamp,status
timestamp,status
timestamp,status
timestamp,status
timestamp,status
timestamp,status
timestamp,status
timestamp,status
timestamp,status
timestamp,status
timestamp,status
timestamp,status
timestamp,status
timestamp,status
timestamp,status
timestamp,status
timestamp,status
timestamp,status
timestamp,status
timestamp,status
timestamp,status
timestamp,status
timestamp,status
timestamp,status
timestamp,status
timestamp,status
timestamp,status
timestamp,status
timestamp,status
timestamp,status
timestamp,status
timestamp,status
timestamp,status
timestamp,status
timestamp,status
timestamp,status
timestamp,status
timestamp,status
timestamp,status
timestamp,status
timestamp,status
timestamp,status
timestamp,status
timestamp,status
timestamp,status
timestamp,status
timestamp,status
timestamp,status
timestamp,status
timestamp,status
timestamp,status
timestamp,status
timestamp,status
timestamp,status
timestamp,status
timestamp,status
timestamp,status
timestamp,status
timestamp,status
timestamp,status
timestamp,status
timestamp,status
timestamp,status
timestamp,status
timestamp,status
timestamp,status
timestamp,status
timestamp,status
timestamp,status
timestamp,status
timestamp,status
timestamp,status
timestamp,status
timestamp,status
timestamp,status
timestamp,status
timestamp,status
timestamp,status
timestamp,status
timestamp,status
timestamp,status
timestamp,status
timestamp,status
timestamp,status
timestamp,status
timestamp,status
timestamp,status
timestamp,status
timestamp,status
timestamp,status
timestamp,status
timestamp,status
timestamp,status
timestamp,status
timestamp,status
timestamp,status
timestamp,status
timestamp,status
timestamp,status
timestamp,status
timestamp,status
timestamp,status
timestamp,status
timestamp,status
timestamp,status
timestamp,status
timestamp,status
timestamp,status
timestamp,status
timestamp,status
timestamp,status
timestamp,status
timestamp,status
timestamp,status
timestamp,status
timestamp,status
timestamp,status
timestamp,status
timestamp,status
timestamp,status
timestamp,status
timestamp,status
timestamp,status
timestamp,status
timestamp,status
timestamp,status
timestamp,status
timestamp,status
timestamp,status
timestamp,status
timestamp,status
timestamp,status
timestamp,status
timestamp,status
timestamp,status
timestamp,status
timestamp,status
timestamp,status
timestamp,status
timestamp,status
timestamp,status
timestamp,status
timestamp,status
timestamp,status
timestamp,status
timestamp,status
timestamp,status
timestamp,status
timestamp,status
timestamp,status
timestamp,status
timestamp,status
timestamp,status
timestamp,status
timestamp,status
timestamp,status
timestamp,status
timestamp,status
timestamp,status
timestamp,status
timestamp,status
timestamp,status
timestamp,status
timestamp,status
timestamp,status
timestamp,status
timestamp,status
timestamp,status
timestamp,status
timestamp,status
timestamp,status
timestamp,status
timestamp,status
timestamp,status
timestamp,status
timestamp,status
timestamp,status
timestamp,status
timestamp,status
timestamp,status
timestamp,status
timestamp,status
timestamp,status
timestamp,status
timestamp,status
timestamp,status
timestamp,status
timestamp,status
timestamp,status
timestamp,status
timestamp,status
timestamp,status
timestamp,status
timestamp,status
timestamp,status
timestamp,status
timestamp,status
timestamp,status
timestamp,status
timestamp,status
timestamp,status
timestamp,status
timestamp,status
timestamp,status
timestamp,status
timestamp,status
timestamp,status
timestamp,status
timestamp,status
timestamp,status
timestamp,status
timestamp,status
timestamp,status
timestamp,status
timestamp,status
timestamp,status
timestamp,status
timestamp,status
timestamp,status
timestamp,status
timestamp,status
timestamp,status
timestamp,status
timestamp,status
timestamp,status
timestamp,status
timestamp,status
timestamp,status
timestamp,status
timestamp,status
timestamp,status
timestamp,status
timestamp,status
timestamp,status
timestamp,status
timestamp,status
timestamp,status
timestamp,status
timestamp,status
timestamp,status
timestamp,status
timestamp,status
timestamp,status
timestamp,status
timestamp,status
timestamp,status
timestamp,status
timestamp,status
timestamp,status
timestamp,status
timestamp,status
timestamp,status
timestamp,status
timestamp,status
timestamp,status
timestamp,status
timestamp,status
timestamp,status
timestamp,status
timestamp,status
timestamp,status
timestamp,status
timestamp,status
timestamp,status
timestamp,status
timestamp,status
timestamp,status
timestamp,status
timestamp,status
timestamp,status
timestamp,status
timestamp,status
timestamp,status
timestamp,status
timestamp,status
timestamp,status
timestamp,status
timestamp,status
timestamp,status
timestamp,status
timestamp,status
timestamp,status
timestamp,status
timestamp,status
timestamp,status
timestamp,status
timestamp,status
timestamp,status
timestamp,status
timestamp,status
timestamp,status
timestamp,status
timestamp,status
timestamp,status
timestamp,status
timestamp,status
timestamp,status
timestamp,status
timestamp,status
timestamp,status
timestamp,status
timestamp,status
timestamp,status
timestamp,status
timestamp,status
timestamp,status
timestamp,status
timestamp,status
timestamp,status
timestamp,status
timestamp,status
timestamp,status
timestamp,status
timestamp,status
timestamp,status
timestamp,status
timestamp,status
timestamp,status
timestamp,status
timestamp,status
timestamp,status
timestamp,status
timestamp,status
timestamp,status
timestamp,status
timestamp,status
timestamp,status
timestamp,status
timestamp,status
timestamp,status
timestamp,status
timestamp,status
timestamp,status
timestamp,status
timestamp,status
timestamp,status
timestamp,status
timestamp,status
timestamp,status
timestamp,status
timestamp,status
timestamp,status
timestamp,status
timestamp,status
timestamp,status
timestamp,status
timestamp,status
timestamp,status
timestamp,status
timestamp,status
timestamp,status
timestamp,status
timestamp,status
timestamp,status
timestamp,status
timestamp,status
timestamp,status
timestamp,status
timestamp,status
timestamp,status
timestamp,status
timestamp,status
timestamp,status
timestamp,status
timestamp,status
timestamp,status
timestamp,status
timestamp,status
timestamp,status
timestamp,status
timestamp,status
timestamp,status
timestamp,status
timestamp,status
timestamp,status
timestamp,status
timestamp,status
timestamp,status
timestamp,status
timestamp,status
timestamp,status
timestamp,status
timestamp,status
timestamp,status
timestamp,status
timestamp,status
timestamp,status
timestamp,status
timestamp,status
timestamp,status
timestamp,status
timestamp,status
timestamp,status
timestamp,status
timestamp,status
timestamp,status
timestamp,status
timestamp,status
timestamp,status
timestamp,status
timestamp,status
timestamp,status
timestamp,status
timestamp,status
timestamp,status
timestamp,status
timestamp,status
timestamp,status
timestamp,status
timestamp,status
timestamp,status
timestamp,status
timestamp,status
timestamp,status
timestamp,status
timestamp,status
timestamp,status
timestamp,status
timestamp,status
timestamp,status
timestamp,status
timestamp,status
timestamp,status
timestamp,status
timestamp,status
timestamp,status
timestamp,status
timestamp,status
timestamp,status
timestamp,status
timestamp,status
timestamp,status
timestamp,status
timestamp,status
timestamp,status
timestamp,status
timestamp,status
timestamp,status
timestamp,status
timestamp,status
timestamp,status
timestamp,status
timestamp,status
timestamp,status
timestamp,status
timestamp,status
timestamp,status
timestamp,status
timestamp,status
timestamp,status
timestamp,status
timestamp,status
timestamp,status
timestamp,status
timestamp,status
timestamp,status
timestamp,status
timestamp,status
timestamp,status
timestamp,status
timestamp,status
timestamp,status
timestamp,status
timestamp,status
timestamp,status
timestamp,status
timestamp,status
timestamp,status
timestamp,status
timestamp,status
timestamp,status
timestamp,status
timestamp,status
timestamp,status
timestamp,status
timestamp,status
timestamp,status
timestamp,status
timestamp,status
timestamp,status
timestamp,status
timestamp,status
timestamp,status
timestamp,status
timestamp,status
timestamp,status
timestamp,status
timestamp,status
timestamp,status
timestamp,status
timestamp,status
timestamp,status
timestamp,status
timestamp,status
timestamp,status
timestamp,status
timestamp,status
timestamp,status
timestamp,status
timestamp,status
timestamp,status
timestamp,status
timestamp,status
timestamp,status
timestamp,status
timestamp,status
timestamp,status
timestamp,status
timestamp,status
timestamp,status
timestamp,status
timestamp,status
timestamp,status
timestamp,status
timestamp,status
timestamp,status
timestamp,status
timestamp,status
timestamp,status
timestamp,status
timestamp,status
timestamp,status
timestamp,status
timestamp,status
timestamp,status
timestamp,status
timestamp,status
timestamp,status
timestamp,status
timestamp,status
timestamp,status
timestamp,status
timestamp,status
timestamp,status
timestamp,status
timestamp,status
timestamp,status
timestamp,status
timestamp,status
timestamp,status
timestamp,status
timestamp,status
timestamp,status
timestamp,status
timestamp,status
timestamp,status
timestamp,status
timestamp,status
timestamp,status
timestamp,status
timestamp,status
timestamp,status
timestamp,status
timestamp,status
timestamp,status
timestamp,status
timestamp,status
timestamp,status
timestamp,status
timestamp,status
timestamp,status
timestamp,status
timestamp,status
timestamp,status
timestamp,status
timestamp,status
timestamp,status
timestamp,status
timestamp,status
timestamp,status
timestamp,status
timestamp,status
timestamp,status
timestamp,status
timestamp,status
timestamp,status
timestamp,status
timestamp,status
timestamp,status
timestamp,status
timestamp,status
timestamp,status
timestamp,status
timestamp,status
timestamp,status
timestamp,status
timestamp,status
timestamp,status
timestamp,status
timestamp,status
timestamp,status
timestamp,status
timestamp,status
timestamp,status
timestamp,status
timestamp,status
timestamp,status
timestamp,status
timestamp,status
timestamp,status
timestamp,status
timestamp,status
timestamp,status
timestamp,status
timestamp,status
timestamp,status
timestamp,status
timestamp,status
timestamp,status
timestamp,status
timestamp,status
timestamp,status
timestamp,status
timestamp,status
timestamp,status
timestamp,status
timestamp,status
timestamp,status
timestamp,status
timestamp,status
timestamp,status
timestamp,status
timestamp,status
timestamp,status
timestamp,status
timestamp,status
timestamp,status
timestamp,status
timestamp,status
timestamp,status
timestamp,status
timestamp,status
timestamp,status
timestamp,status
timestamp,status
timestamp,status
timestamp,status
timestamp,status
timestamp,status
timestamp,status
timestamp,status
timestamp,status
timestamp,status
timestamp,status
timestamp,status
timestamp,status
timestamp,status
timestamp,status
timestamp,status
timestamp,status
timestamp,status
timestamp,status
timestamp,status
timestamp,status
timestamp,status
timestamp,status
timestamp,status
timestamp,status
timestamp,status
timestamp,status
timestamp,status
timestamp,status
timestamp,status
timestamp,status
timestamp,status
timestamp,status
timestamp,status
timestamp,status
timestamp,status
timestamp,status
timestamp,status
timestamp,status
timestamp,status
timestamp,status
timestamp,status
timestamp,status
timestamp,status
timestamp,status
timestamp,status
timestamp,status
timestamp,status
timestamp,status
timestamp,status
timestamp,status
timestamp,status
timestamp,status
timestamp,status
timestamp,status
timestamp,status
timestamp,status
timestamp,status
timestamp,status
timestamp,status
timestamp,status
timestamp,status
timestamp,status
timestamp,status
timestamp,status
timestamp,status
timestamp,status
timestamp,status
timestamp,status
timestamp,status
timestamp,status
timestamp,status
timestamp,status
timestamp,status
timestamp,status
timestamp,status
timestamp,status
timestamp,status
timestamp,status
timestamp,status
timestamp,status
timestamp,status
timestamp,status
timestamp,status
timestamp,status
timestamp,status
timestamp,status
timestamp,status
timestamp,status
timestamp,status
timestamp,status
timestamp,status
timestamp,status
timestamp,status
timestamp,status
timestamp,status
timestamp,status
timestamp,status
timestamp,status
timestamp,status
timestamp,status
timestamp,status
timestamp,status
timestamp,status
timestamp,status
timestamp,status
timestamp,status
timestamp,status
timestamp,status
timestamp,status
timestamp,status
timestamp,status
timestamp,status
timestamp,status
timestamp,status
timestamp,status
timestamp,status
timestamp,status
timestamp,status
timestamp,status
timestamp,status
timestamp,status
timestamp,status
timestamp,status
timestamp,status
timestamp,status
timestamp,status
timestamp,status
timestamp,status
timestamp,status
timestamp,status
timestamp,status
timestamp,status
timestamp,status
timestamp,status
timestamp,status
timestamp,status
timestamp,status
timestamp,status
timestamp,status
timestamp,status
timestamp,status
timestamp,status
timestamp,status
timestamp,status
timestamp,status
timestamp,status
timestamp,status
timestamp,status
timestamp,status
timestamp,status
timestamp,status
timestamp,status
timestamp,status
timestamp,status
timestamp,status
timestamp,status
timestamp,status
timestamp,status
timestamp,status
timestamp,status
timestamp,status
timestamp,status
timestamp,status
timestamp,status
timestamp,status
timestamp,status
timestamp,status
timestamp,status
timestamp,status
timestamp,status
timestamp,status
timestamp,status
timestamp,status
timestamp,status
timestamp,status
timestamp,status
timestamp,status
timestamp,status
timestamp,status
timestamp,status
timestamp,status
timestamp,status
timestamp,status
timestamp,status
timestamp,status
timestamp,status
timestamp,status
timestamp,status
timestamp,status
timestamp,status
timestamp,status
timestamp,status
timestamp,status
timestamp,status
timestamp,status
timestamp,status
timestamp,status
timestamp,status
timestamp,status
timestamp,status
timestamp,status
timestamp,status
timestamp,status
timestamp,status
timestamp,status
timestamp,status
timestamp,status
timestamp,status
timestamp,status
timestamp,status
timestamp,status
timestamp,status
timestamp,status
timestamp,status
timestamp,status
timestamp,status
timestamp,status
timestamp,status
timestamp,status
timestamp,status
timestamp,status
timestamp,status
timestamp,status
timestamp,status
timestamp,status
timestamp,status
timestamp,status
timestamp,status
timestamp,status
timestamp,status
timestamp,status
timestamp,status
timestamp,status
timestamp,status
timestamp,status
timestamp,status
timestamp,status
timestamp,status
timestamp,status
timestamp,status
timestamp,status
timestamp,status
timestamp,status
timestamp,status
timestamp,status
timestamp,status
timestamp,status
timestamp,status
timestamp,status
timestamp,status
timestamp,status
timestamp,status
timestamp,status
timestamp,status
timestamp,status
timestamp,status
timestamp,status
timestamp,status
timestamp,status
timestamp,status
timestamp,status
timestamp,status
timestamp,status
timestamp,status
timestamp,status
timestamp,status
timestamp,status
timestamp,status
timestamp,status
timestamp,status
timestamp,status
timestamp,status
timestamp,status
timestamp,status
timestamp,status
timestamp,status
timestamp,status
timestamp,status
timestamp,status
timestamp,status
timestamp,status
timestamp,status
timestamp,status
timestamp,status
timestamp,status
timestamp,status
timestamp,status
timestamp,status
timestamp,status
timestamp,status
timestamp,status
timestamp,status
timestamp,status
timestamp,status
timestamp,status
timestamp,status
timestamp,status
timestamp,status
timestamp,status
timestamp,status
timestamp,status
timestamp,status
timestamp,status
timestamp,status
timestamp,status
timestamp,status
timestamp,status
timestamp,status
timestamp,status
timestamp,status
timestamp,status
timestamp,status
timestamp,status
timestamp,status
timestamp,status
timestamp,status
timestamp,status
timestamp,status
timestamp,status
timestamp,status
timestamp,status
timestamp,status
timestamp,status
timestamp,status
timestamp,status
timestamp,status
timestamp,status
timestamp,status
timestamp,status
timestamp,status
timestamp,status
timestamp,status
timestamp,status
timestamp,status
timestamp,status
timestamp,status
timestamp,status
timestamp,status
timestamp,status
timestamp,status
timestamp,status
timestamp,status
timestamp,status
timestamp,status
timestamp,status
timestamp,status
timestamp,status
timestamp,status
timestamp,status
timestamp,status
timestamp,status
timestamp,status
timestamp,status
timestamp,status
timestamp,status
timestamp,status
timestamp,status
timestamp,status
timestamp,status
timestamp,status
timestamp,status
timestamp,status
timestamp,status
timestamp,status
timestamp,status
timestamp,status
timestamp,status
timestamp,status
timestamp,status
timestamp,status
timestamp,status
timestamp,status
timestamp,status
timestamp,status
timestamp,status
timestamp,status
timestamp,status
timestamp,status
timestamp,status
timestamp,status
timestamp,status
timestamp,status
timestamp,status
timestamp,status
timestamp,status
timestamp,status
timestamp,status
timestamp,status
timestamp,status
timestamp,status
timestamp,status
timestamp,status
timestamp,status
timestamp,status
timestamp,status
timestamp,status
timestamp,status
timestamp,status
timestamp,status
timestamp,status
timestamp,status
timestamp,status
timestamp,status
timestamp,status
timestamp,status
timestamp,status
timestamp,status
timestamp,status
timestamp,status
timestamp,status
timestamp,status
timestamp,status
timestamp,status
timestamp,status
timestamp,status
timestamp,status
timestamp,status
timestamp,status
timestamp,status
timestamp,status
timestamp,status
timestamp,status
timestamp,status
timestamp,status
timestamp,status
timestamp,status
timestamp,status
timestamp,status
timestamp,status
timestamp,status
timestamp,status
timestamp,status
timestamp,status
timestamp,status
timestamp,status
timestamp,status
timestamp,status
timestamp,status
timestamp,status
timestamp,status
timestamp,status
timestamp,status
timestamp,status
timestamp,status
timestamp,status
timestamp,status
timestamp,status
timestamp,status
timestamp,status
timestamp,status
timestamp,status
timestamp,status
timestamp,status
timestamp,status
timestamp,status
timestamp,status
timestamp,status
timestamp,status
timestamp,status
timestamp,status
timestamp,status
timestamp,status
timestamp,status
timestamp,status
timestamp,status
timestamp,status
timestamp,status
timestamp,status
timestamp,status
timestamp,status
timestamp,status
timestamp,status
timestamp,status
timestamp,status
timestamp,status
timestamp,status
timestamp,status
timestamp,status
timestamp,status
timestamp,status
timestamp,status
timestamp,status
timestamp,status
timestamp,status
timestamp,status
timestamp,status
timestamp,status
timestamp,status
timestamp,status
timestamp,status
timestamp,status
timestamp,status
timestamp,status
timestamp,status
timestamp,status
timestamp,status
timestamp,status
timestamp,status
timestamp,status
timestamp,status
timestamp,status
timestamp,status
timestamp,status
timestamp,status
timestamp,status
timestamp,status
timestamp,status
timestamp,status
timestamp,status
timestamp,status
timestamp,status
timestamp,status
timestamp,status
timestamp,status
timestamp,status
timestamp,status
timestamp,status
timestamp,status
timestamp,status
timestamp,status
timestamp,status
timestamp,status
timestamp,status
timestamp,status
timestamp,status
timestamp,status
timestamp,status
timestamp,status
timestamp,status
timestamp,status
timestamp,status
timestamp,status
timestamp,status
timestamp,status
timestamp,status
timestamp,status
timestamp,status
timestamp,status
timestamp,status
timestamp,status
timestamp,status
timestamp,status
timestamp,status
timestamp,status
timestamp,status
timestamp,status
timestamp,status
timestamp,status
timestamp,status
timestamp,status
timestamp,status
timestamp,status
timestamp,status
timestamp,status
timestamp,status
timestamp,status
timestamp,status
timestamp,status
timestamp,status
timestamp,status
timestamp,status
timestamp,status
timestamp,status
timestamp,status
timestamp,status
timestamp,status
timestamp,status
timestamp,status
timestamp,status
timestamp,status
timestamp,status
timestamp,status
timestamp,status
timestamp,status
timestamp,status
timestamp,status
timestamp,status
timestamp,status
timestamp,status
timestamp,status
timestamp,status
timestamp,status
timestamp,status
timestamp,status
timestamp,status
timestamp,status
timestamp,status
timestamp,status
timestamp,status
timestamp,status
timestamp,status
timestamp,status
timestamp,status
timestamp,status
timestamp,status
timestamp,status
timestamp,status
timestamp,status
timestamp,status
timestamp,status
timestamp,status
timestamp,status
timestamp,status
timestamp,status
timestamp,status
timestamp,status
timestamp,status
timestamp,status
timestamp,status
timestamp,status
timestamp,status
timestamp,status
timestamp,status
timestamp,status
timestamp,status
timestamp,status
timestamp,status
timestamp,status
timestamp,status
timestamp,status
timestamp,status
timestamp,status
timestamp,status
timestamp,status
timestamp,status
timestamp,status
timestamp,status
timestamp,status
timestamp,status
timestamp,status
timestamp,status
timestamp,status
timestamp,status
timestamp,status
timestamp,status
timestamp,status
timestamp,status
timestamp,status
timestamp,status
timestamp,status
timestamp,status
timestamp,status
timestamp,status
timestamp,status
timestamp,status
timestamp,status
timestamp,status
timestamp,status
timestamp,status
timestamp,status
timestamp,status
timestamp,status
timestamp,status
timestamp,status
timestamp,status
timestamp,status
timestamp,status
timestamp,status
timestamp,status
timestamp,status
timestamp,status
timestamp,status
timestamp,status
timestamp,status
timestamp,status
timestamp,status
timestamp,status
timestamp,status
timestamp,status
timestamp,status
timestamp,status
timestamp,status
timestamp,status
timestamp,status
timestamp,status
timestamp,status
timestamp,status
timestamp,status
timestamp,status
timestamp,status
timestamp,status
timestamp,status
timestamp,status
timestamp,status
timestamp,status
timestamp,status
timestamp,status
timestamp,status
timestamp,status
timestamp,status
timestamp,status
timestamp,status
timestamp,status
timestamp,status
timestamp,status
timestamp,status
timestamp,status
timestamp,status
timestamp,status
timestamp,status
timestamp,status
timestamp,status
timestamp,status
timestamp,status
timestamp,status
timestamp,status
timestamp,status
timestamp,status
timestamp,status
timestamp,status
timestamp,status
timestamp,status
timestamp,status
timestamp,status
timestamp,status
timestamp,status
timestamp,status
timestamp,status
timestamp,status
timestamp,status
timestamp,status
timestamp,status
timestamp,status
timestamp,status
timestamp,status
timestamp,status
timestamp,status
timestamp,status
timestamp,status
timestamp,status
timestamp,status
timestamp,status
timestamp,status
timestamp,status
timestamp,status
timestamp,status
timestamp,status
timestamp,status
timestamp,status
timestamp,status
timestamp,status
timestamp,status
timestamp,status
timestamp,status
timestamp,status
timestamp,status
timestamp,status
timestamp,status
timestamp,status
timestamp,status
timestamp,status
timestamp,status
timestamp,status
timestamp,status
timestamp,status
timestamp,status
timestamp,status
timestamp,status
timestamp,status
timestamp,status
timestamp,status
timestamp,status
timestamp,status
timestamp,status
timestamp,status
timestamp,status
timestamp,status
timestamp,status
timestamp,status
timestamp,status
timestamp,status
timestamp,status
timestamp,status
timestamp,status
timestamp,status
timestamp,status
timestamp,status
timestamp,status
timestamp,status
timestamp,status
timestamp,status
timestamp,status
timestamp,status
timestamp,status
timestamp,status
timestamp,status
timestamp,status
timestamp,status
timestamp,status
timestamp,status
timestamp,status
timestamp,status
timestamp,status
timestamp,status
timestamp,status
timestamp,status
timestamp,status
timestamp,status
timestamp,status
timestamp,status
timestamp,status
timestamp,status
timestamp,status
timestamp,status
timestamp,status
timestamp,status
timestamp,status
timestamp,status
timestamp,status
timestamp,status
timestamp,status
timestamp,status
timestamp,status
timestamp,status
timestamp,status
timestamp,status
timestamp,status
timestamp,status
timestamp,status
timestamp,status
timestamp,status
timestamp,status
timestamp,status
timestamp,status
timestamp,status
timestamp,status
timestamp,status
timestamp,status
timestamp,status
timestamp,status
timestamp,status
timestamp,status
timestamp,status
timestamp,status
timestamp,status
timestamp,status
timestamp,status
timestamp,status
timestamp,status
timestamp,status
timestamp,status
timestamp,status
timestamp,status
timestamp,status
timestamp,status
timestamp,status
timestamp,status
timestamp,status
timestamp,status
timestamp,status
timestamp,status
timestamp,status
timestamp,status
timestamp,status
timestamp,status
timestamp,status
timestamp,status
timestamp,status
timestamp,status
timestamp,status
timestamp,status
timestamp,status
timestamp,status
timestamp,status
timestamp,status
timestamp,status
timestamp,status
timestamp,status
timestamp,status
timestamp,status
timestamp,status
timestamp,status
timestamp,status
timestamp,status
timestamp,status
timestamp,status
timestamp,status
timestamp,status
timestamp,status
timestamp,status
timestamp,status
timestamp,status
timestamp,status
timestamp,status
timestamp,status
timestamp,status
timestamp,status
timestamp,status
timestamp,status
timestamp,status
timestamp,status
timestamp,status
timestamp,status
timestamp,status
timestamp,status
timestamp,status
timestamp,status
timestamp,status
timestamp,status
timestamp,status
timestamp,status
timestamp,status
timestamp,status
timestamp,status
timestamp,status
timestamp,status
timestamp,status
timestamp,status
timestamp,status
timestamp,status
timestamp,status
timestamp,status
timestamp,status
timestamp,status
timestamp,status
timestamp,status
timestamp,status
timestamp,status
timestamp,status
timestamp,status
timestamp,status
timestamp,status
timestamp,status
timestamp,status
timestamp,status
timestamp,status
timestamp,status
timestamp,status
timestamp,status
timestamp,status
timestamp,status
timestamp,status
timestamp,status
timestamp,status
timestamp,status
timestamp,status
timestamp,status
timestamp,status
timestamp,status
timestamp,status
timestamp,status
timestamp,status
timestamp,status
timestamp,status
timestamp,status
timestamp,status
timestamp,status
timestamp,status
timestamp,status
timestamp,status
timestamp,status
timestamp,status
timestamp,status
timestamp,status
timestamp,status
timestamp,status
timestamp,status
timestamp,status
timestamp,status
timestamp,status
timestamp,status
timestamp,status
timestamp,status
timestamp,status
timestamp,status
timestamp,status
timestamp,status
timestamp,status
timestamp,status
timestamp,status
timestamp,status
timestamp,status
timestamp,status
timestamp,status
timestamp,status
timestamp,status
timestamp,status
timestamp,status
timestamp,status
timestamp,status
timestamp,status
timestamp,status
timestamp,status
timestamp,status
timestamp,status
timestamp,status
timestamp,status
timestamp,status
timestamp,status
timestamp,status
timestamp,status
timestamp,status
timestamp,status
timestamp,status
timestamp,status
timestamp,status
timestamp,status
timestamp,status
timestamp,status
timestamp,status
timestamp,status
timestamp,status
timestamp,status
timestamp,status
timestamp,status
timestamp,status
timestamp,status
timestamp,status
timestamp,status
timestamp,status
timestamp,status
timestamp,status
timestamp,status
timestamp,status
timestamp,status
timestamp,status
timestamp,status
timestamp,status
timestamp,status
timestamp,status
timestamp,status
timestamp,status
timestamp,status
timestamp,status
timestamp,status
timestamp,status
timestamp,status
timestamp,status
timestamp,status
timestamp,status
timestamp,status
timestamp,status
timestamp,status
timestamp,status
timestamp,status
timestamp,status
timestamp,status
timestamp,status
timestamp,status
timestamp,status
timestamp,status
timestamp,status
timestamp,status
timestamp,status
timestamp,status
timestamp,status
timestamp,status
timestamp,status
timestamp,status
timestamp,status
timestamp,status
timestamp,status
timestamp,status
timestamp,status
timestamp,status
timestamp,status
timestamp,status
timestamp,status
timestamp,status
timestamp,status
timestamp,status
timestamp,status
timestamp,status
timestamp,status
timestamp,status
timestamp,status
timestamp,status
timestamp,status
timestamp,status
timestamp,status
timestamp,status
timestamp,status
timestamp,status
timestamp,status
timestamp,status
timestamp,status
timestamp,status
timestamp,status
timestamp,status
timestamp,status
timestamp,status
timestamp,status
timestamp,status
timestamp,status
timestamp,status
timestamp,status
timestamp,status
timestamp,status
timestamp,status
timestamp,status
timestamp,status
timestamp,status
timestamp,status
timestamp,status
timestamp,status
timestamp,status
timestamp,status
timestamp,status
timestamp,status
timestamp,status
timestamp,status
timestamp,status
timestamp,status
timestamp,status
timestamp,status
timestamp,status
timestamp,status
timestamp,status
timestamp,status
timestamp,status
timestamp,status
timestamp,status
timestamp,status
timestamp,status
timestamp,status
timestamp,status
timestamp,status
timestamp,status
timestamp,status
timestamp,status
timestamp,status
timestamp,status
timestamp,status
timestamp,status
timestamp,status
timestamp,status
timestamp,status
timestamp,status
timestamp,status
timestamp,status
timestamp,status
timestamp,status
timestamp,status
timestamp,status
timestamp,status
timestamp,status
timestamp,status
timestamp,status
timestamp,status
timestamp,status
timestamp,status
timestamp,status
timestamp,status
timestamp,status
timestamp,status
timestamp,status
timestamp,status
timestamp,status
timestamp,status
timestamp,status
timestamp,status
timestamp,status
timestamp,status
timestamp,status
timestamp,status
timestamp,status
timestamp,status
timestamp,status
timestamp,status
timestamp,status
timestamp,status
timestamp,status
timestamp,status
timestamp,status
timestamp,status
timestamp,status
timestamp,status
timestamp,status
timestamp,status
timestamp,status
timestamp,status
timestamp,status
timestamp,status
timestamp,status
timestamp,status
timestamp,status
timestamp,status
timestamp,status
timestamp,status
timestamp,status
timestamp,status
timestamp,status
timestamp,status
timestamp,status
timestamp,status
timestamp,status
timestamp,status
timestamp,status
timestamp,status
timestamp,status
timestamp,status
timestamp,status
timestamp,status
timestamp,status
